	<ul>
		<li><a href="_php/mediaViewer.php?cnt=foto/000_0.jpg" title="Presentazione"><img src="foto/thumb/000_0.jpg"/></a><div>&nbsp;</div></li>
		<li><a href="_php/mediaViewer.php?cnt=foto/000_presentazione.jpg" title="Presentazione"><img src="foto/thumb/000_presentazione.jpg"/></a><div>&nbsp;</div></li>
		<li><a href="_php/mediaViewer.php?cnt=foto/001_fuochi-artificiali-per-il-15-agosto-in-onore-della-madonna-a.jpg" title="Allumiere: Nancy Pierantoni"><img src="foto/thumb/001_fuochi-artificiali-per-il-15-agosto-in-onore-della-madonna-a.jpg"/></a><div>Allumiere: Nancy Pierantoni</div></li>
		<li><a href="_php/mediaViewer.php?cnt=foto/002_panorama-di-allumiere-dopo-la-neve.jpg" title="Allumiere: Nancy Pierantoni"><img src="foto/thumb/002_panorama-di-allumiere-dopo-la-neve.jpg"/></a><div>Allumiere: Nancy Pierantoni</div></li>
		<li><a href="_php/mediaViewer.php?cnt=foto/003_da-una-grotta-dellarco-muto.jpg" title="Anzio: Iuno Di Fraia"><img src="foto/thumb/003_da-una-grotta-dellarco-muto.jpg"/></a><div>Anzio: Iuno Di Fraia </div></li>
		<li><a href="_php/mediaViewer.php?cnt=foto/004_il-faro-costruito-sui-resti-della-villa-neroniana.jpg" title="Anzio: Iuno Di Fraia"><img src="foto/thumb/004_il-faro-costruito-sui-resti-della-villa-neroniana.jpg"/></a><div>Anzio: Iuno Di Fraia</div></li>
		<li><a href="_php/mediaViewer.php?cnt=foto/005_fontana-del-bernini-di-fronte-palazzo-chigi.jpg" title="Ariccia: Willy Baldazzi"><img src="foto/thumb/005_fontana-del-bernini-di-fronte-palazzo-chigi.jpg"/></a><div>Ariccia: Willy Baldazzi</div></li>
		<li><a href="_php/mediaViewer.php?cnt=foto/006_palazzo-chigi-visto-dallinterno-del-parco.jpg" title="Ariccia: Willy Baldazzi"><img src="foto/thumb/006_palazzo-chigi-visto-dallinterno-del-parco.jpg"/></a><div>Ariccia: Willy Baldazzi</div></li>
		<li><a href="_php/mediaViewer.php?cnt=foto/007_artena-veduta-da-colle-siciliano-.jpg" title="Artena: Marco Mattozzi"><img src="foto/thumb/007_artena-veduta-da-colle-siciliano-.jpg"/></a><div>Artena: Marco Mattozzi</div></li>
		<li><a href="_php/mediaViewer.php?cnt=foto/008_artena-via-maggiore.jpg" title="Artena: Marco Mattozzi"><img src="foto/thumb/008_artena-via-maggiore.jpg"/></a><div>Artena: Marco Mattozzi</div></li>
		<li><a href="_php/mediaViewer.php?cnt=foto/009_il-campanile.jpg" title="Bracciano: Simona Abbatangelo"><img src="foto/009_il-campanile.jpg" /></a><div>Bracciano: Simona Abbatangelo</div></li>
		<li><a href="_php/mediaViewer.php?cnt=foto/010_il-castello.jpg" title="Bracciano: Simona Abbatangelo"><img src="foto/thumb/010_il-castello.jpg" /></a><div>Bracciano: Simona Abbatangelo</div></li>
		<li><a href="_php/mediaViewer.php?cnt=foto/011_senza-titolo-1.jpg" title="Canale Monterano: Fabio Rimedia"><img src="foto/thumb/011_senza-titolo-1.jpg" /></a><div>Canale Monterano: Fabio Rimedia</div></li>
		<li><a href="_php/mediaViewer.php?cnt=foto/012_senza-titolo-4.jpg" title="Canale Monterano: Fabio Rimedia"><img src="foto/thumb/012_senza-titolo-4.jpg" /></a><div>Canale Monterano: Fabio Rimedia</div></li>
		<li><a href="_php/mediaViewer.php?cnt=foto/013_borgo-apronianum.jpg" title="Capena: Fanny Ceccherini"><img src="foto/thumb/013_borgo-apronianum.jpg" /></a><div>Capena: Fanny Ceccherini </div></li>
		<li><a href="_php/mediaViewer.php?cnt=foto/014_scorcio-del-rudere-della-chiesa-di-san-michele-arcangelo.jpg" title="Capena: Fanny Ceccherini"><img src="foto/thumb/014_scorcio-del-rudere-della-chiesa-di-san-michele-arcangelo.jpg" /></a><div>Capena: Fanny Ceccherini</div></li>
		<li><a href="_php/mediaViewer.php?cnt=foto/015_il-somaro.jpg" title="Capranica Prenestina: Guerrino Di Michele"><img src="foto/thumb/015_il-somaro.jpg" /></a><div>Capranica Prenestina: Guerrino Di Michele</div></li>
		<li><a href="_php/mediaViewer.php?cnt=foto/016_la-neve.jpg" title="Capranica Prenestina: Guerrino Di Michele"><img src="foto/thumb/016_la-neve.jpg" /></a><div>Capranica Prenestina: Guerrino Di Michele</div></li>
		<li><a href="_php/mediaViewer.php?cnt=foto/017_entrata-laterale-del-palazzo-pecci.jpg" title="Carpineto Romano: Antonella Castrucci"><img src="foto/thumb/017_entrata-laterale-del-palazzo-pecci.jpg" /></a><div>Carpineto Romano: Antonella Castrucci</div></li>
		<li><a href="_php/mediaViewer.php?cnt=foto/018_tipico-vicolo-con-portali-in-pietra.jpg" title="Carpineto Romano: Antonella Castrucci"><img src="foto/thumb/018_tipico-vicolo-con-portali-in-pietra.jpg" /></a><div>Carpineto Romano: Antonella Castrucci</div></li>
		<li><a href="_php/mediaViewer.php?cnt=foto/019_corso-vittorio-emanuele-ii..jpg" title="Carpineto Romano: Valentina Castrucci"><img src="foto/thumb/019_corso-vittorio-emanuele-ii..jpg" /></a><div>Carpineto Romano: Valentina Castrucci</div></li>
		<li><a href="_php/mediaViewer.php?cnt=foto/020_spettacolo-della-natura.jpg" title="Carpineto Romano: Valentina Castrucci"><img src="foto/thumb/020_spettacolo-della-natura.jpg" /></a><div>Carpineto Romano: Valentina Castrucci</div></li>
		<li><a href="_php/mediaViewer.php?cnt=foto/021_casone-con-fontanile.jpg" title="Castel Madama: Chiara Cipriani"><img src="foto/thumb/021_casone-con-fontanile.jpg" /></a><div>Castel Madama: Chiara Cipriani</div></li>
		<li><a href="_php/mediaViewer.php?cnt=foto/022_via-baccelli.jpg" title="Castel Madama: Chiara Cipriani"><img src="foto/thumb/022_via-baccelli.jpg" /></a><div>Castel Madama: Chiara Cipriani</div></li>
		<li><a href="_php/mediaViewer.php?cnt=foto/023_chiesa-di-santa-anatolia.jpg" title="Cave: Laura Giovannoni"><img src="foto/thumb/023_chiesa-di-santa-anatolia.jpg" /></a><div>Cave: Laura Giovannoni</div></li>
		<li><a href="_php/mediaViewer.php?cnt=foto/024_ponte-sul-fiume-rio-valle-del-rio.jpg" title="Cave: Laura Giovannoni"><img src="foto/thumb/024_ponte-sul-fiume-rio-valle-del-rio.jpg" /></a><div>Cave: Laura Giovannoni</div></li>
		<li><a href="_php/mediaViewer.php?cnt=foto/025_interno-della-necropoli.jpg" title="Cerveteri: Laura Amasio"><img src="foto/thumb/025_interno-della-necropoli.jpg" /></a><div>Cerveteri: Laura Amasio</div></li>
		<li><a href="_php/mediaViewer.php?cnt=foto/026_particolare-delle-mura.jpg" title="Cerveteri: Laura Amasio"><img src="foto/thumb/026_particolare-delle-mura.jpg" /></a><div>Cerveteri: Laura Amasio</div></li>
		<li><a href="_php/mediaViewer.php?cnt=foto/027_borgo-di-ceri.jpg" title="Cerveteri: Valentina Bucchi"><img src="foto/thumb/027_borgo-di-ceri.jpg" /></a><div>Cerveteri: Valentina Bucchi</div></li>
		<li><a href="_php/mediaViewer.php?cnt=foto/028_fontanile-s.-martino.jpg" title="Cerveteri: Valentina Bucchi"><img src="foto/thumb/028_fontanile-s.-martino.jpg" /></a><div>Cerveteri: Valentina Bucchi</div></li>
		<li><a href="_php/mediaViewer.php?cnt=foto/029_antico-orologio.jpg" title="Cerveteri: Beatrice Cester"><img src="foto/thumb/029_antico-orologio.jpg"/></a><div>Cerveteri: Beatrice Cester</div></li>
		<li><a href="_php/mediaViewer.php?cnt=foto/030_rocca-di-ceri.jpg" title="Cerveteri: Beatrice Cester"><img src="foto/thumb/030_rocca-di-ceri.jpg"/></a><div>Cerveteri: Beatrice Cester</div></li>
		<li><a href="_php/mediaViewer.php?cnt=foto/031_mura-merlate-intorno-al-santuario-dellimmacolate-e-al-palaz.jpg" title="Cerveteri: Michela Fantauzzo"><img src="foto/thumb/031_mura-merlate-intorno-al-santuario-dellimmacolate-e-al-palaz.jpg"/></a><div>Cerveteri: Michela Fantauzzo</div></li>
		<li><a href="_php/mediaViewer.php?cnt=foto/032_tumulo.tomba-etrusca-tipica-della-necropoli-della-banditacci.jpg" title="Cerveteri: Michela Fantauzzo"><img src="foto/thumb/032_tumulo.tomba-etrusca-tipica-della-necropoli-della-banditacci.jpg"/></a><div>Cerveteri: Michela Fantauzzo</div></li>
		<li><a href="_php/mediaViewer.php?cnt=foto/033_necropoli-della-banditaccia.-tomba-delle-colonne-doriche.jpg" title="Cerveteri: Eleonora Lovardi"><img src="foto/thumb/033_necropoli-della-banditaccia.-tomba-delle-colonne-doriche.jpg"/></a><div>Cerveteri: Eleonora Lovardi</div></li>
		<li><a href="_php/mediaViewer.php?cnt=foto/034_necropoli-della-banditaccia.-tombe-etrusche.jpg" title="Cerveteri: Eleonora Lovardi"><img src="foto/thumb/034_necropoli-della-banditaccia.-tombe-etrusche.jpg"/></a><div>Cerveteri: Eleonora Lovardi</div></li>
		<li><a href="_php/mediaViewer.php?cnt=foto/035_corso-centocelle.jpg" title="Civitavecchia: Andrea Giattini"><img src="foto/thumb/035_corso-centocelle.jpg"/></a><div>Civitavecchia: Andrea Giattini</div></li>
		<li><a href="_php/mediaViewer.php?cnt=foto/036_terme-di-traiano.jpg" title="Civitavecchia: Andrea Giattini"><img src="foto/thumb/036_terme-di-traiano.jpg"/></a><div>Civitavecchia: Andrea Giattini</div></li>
		<li><a href="_php/mediaViewer.php?cnt=foto/037_piccolo-paradiso.jpg" title="Civitavecchia: Martina Pieris"><img src="foto/thumb/037_piccolo-paradiso.jpg"/></a><div>Civitavecchia: Martina Pieris</div></li>
		<li><a href="_php/mediaViewer.php?cnt=foto/038_porto.jpg" title="Civitavecchia: Martina Pieris"><img src="foto/thumb/038_porto.jpg"/></a><div>Civitavecchia: Martina Pieris</div></li>
		<li><a href="_php/mediaViewer.php?cnt=foto/039_facciata-ovest-palazzo-del-drago.jpg" title="Filacciano: Davide Pica"><img src="foto/thumb/039_facciata-ovest-palazzo-del-drago.jpg"/></a><div>Filacciano: Davide Pica</div></li>
		<li><a href="_php/mediaViewer.php?cnt=foto/040_piazza-adriano-pompa.jpg" title="Filacciano: Davide Pica"><img src="foto/thumb/040_piazza-adriano-pompa.jpg"/></a><div>Filacciano: Davide Pica</div></li>
		<li><a href="_php/mediaViewer.php?cnt=foto/041_ferragosto-a-fiumicino.jpg" title="Fiumicino: Fernanda De Nitto"><img src="foto/thumb/041_ferragosto-a-fiumicino.jpg"/></a><div>Fiumicino: Fernanda De Nitto</div></li>
		<li><a href="_php/mediaViewer.php?cnt=foto/042_una-preghiera-antica.jpg" title="Fiumicino: Fernanda De Nitto"><img src="foto/thumb/042_una-preghiera-antica.jpg"/></a><div>Fiumicino: Fernanda De Nitto</div></li>
		<li><a href="_php/mediaViewer.php?cnt=foto/043_castello-episcopio-di-porto.jpg" title="Fiumicino: Flavio Larango"><img src="foto/thumb/043_castello-episcopio-di-porto.jpg"/></a><div>Fiumicino: Flavio Larango</div></li>
		<li><a href="_php/mediaViewer.php?cnt=foto/044_castello-falconieri-torrimpietra.jpg" title="Fiumicino: Flavio Larango"><img src="foto/thumb/044_castello-falconieri-torrimpietra.jpg"/></a><div>Fiumicino: Flavio Larango</div></li>
		<li><a href="_php/mediaViewer.php?cnt=foto/045_bilance-per-la-pesca.jpg" title="Fiumicino: Simone Rossanese"><img src="foto/thumb/045_bilance-per-la-pesca.jpg"/></a><div>Fiumicino: Simone Rossanese</div></li>
		<li><a href="_php/mediaViewer.php?cnt=foto/046_faro-di-fiumicino.jpg" title="Fiumicino: Simone Rossanese"><img src="foto/thumb/046_faro-di-fiumicino.jpg"/></a><div>Fiumicino: Simone Rossanese</div></li>
		<li><a href="_php/mediaViewer.php?cnt=foto/047_palazzo-sforza-cesarini.jpg" title="Genzano di Roma: Simone De Filippis"><img src="foto/thumb/047_palazzo-sforza-cesarini.jpg"/></a><div>Genzano di Roma: Simone De Filippis</div></li>
		<li><a href="_php/mediaViewer.php?cnt=foto/048_via-delle-olmate.jpg" title="Genzano di Roma: Simone De Filippis"><img src="foto/thumb/048_via-delle-olmate.jpg"/></a><div>Genzano di Roma: Simone De Filippis</div></li>
		<li><a href="_php/mediaViewer.php?cnt=foto/049_corso-vecchio.jpg" title="Genzano di Roma: Alfredo Piccerillo"><img src="foto/thumb/049_corso-vecchio.jpg"/></a><div>Genzano di Roma: Alfredo Piccerillo</div></li>
		<li><a href="_php/mediaViewer.php?cnt=foto/050_scorcio-sul-lago-di-nemi.jpg" title="Genzano di Roma: Alfredo Piccerillo"><img src="foto/thumb/050_scorcio-sul-lago-di-nemi.jpg"/></a><div>Genzano di Roma: Alfredo Piccerillo</div></li>
		<li><a href="_php/mediaViewer.php?cnt=foto/051_fontana-di-ciocio.jpg" title="Gerano: Donatello Di Tomassi"><img src="foto/thumb/051_fontana-di-ciocio.jpg"/></a><div>Gerano: Donatello Di Tomassi</div></li>
		<li><a href="_php/mediaViewer.php?cnt=foto/052_primo-acquedotto-sito-in-piazza-degli-eroi.jpg" title="Gerano: Donatello Di Tomassi"><img src="foto/thumb/052_primo-acquedotto-sito-in-piazza-degli-eroi.jpg"/></a><div>Gerano: Donatello Di Tomassi</div></li>
		<li><a href="_php/mediaViewer.php?cnt=foto/053_abbazia-di-grottaferrata-biblioteca.jpg" title="Grottaferrata: Jacopo Lubich"><img src="foto/thumb/053_abbazia-di-grottaferrata-biblioteca.jpg"/></a><div>Grottaferrata: Jacopo Lubich</div></li>
		<li><a href="_php/mediaViewer.php?cnt=foto/054_abbazia-di-grottaferratacortile-interno.jpg" title="Grottaferrata: Jacopo Lubich"><img src="foto/thumb/054_abbazia-di-grottaferratacortile-interno.jpg"/></a><div>Grottaferrata: Jacopo Lubich</div></li>
		<li><a href="_php/mediaViewer.php?cnt=foto/055_antica-cartiera.jpg" title="Grottaferrata: Roberto Tibuzzi"><img src="foto/thumb/055_antica-cartiera.jpg"/></a><div>Grottaferrata: Roberto Tibuzzi</div></li>
		<li><a href="_php/mediaViewer.php?cnt=foto/056_vista-notturna-dal-fossato-dellabbazia-di-san-nilo.jpg" title="Grottaferrata: Roberto Tibuzzi"><img src="foto/thumb/056_vista-notturna-dal-fossato-dellabbazia-di-san-nilo.jpg"/></a><div>Grottaferrata: Roberto Tibuzzi</div></li>
		<li><a href="_php/mediaViewer.php?cnt=foto/057_campanile.jpg" title="Guidonia-Montecelio: Silvia Bellotto"><img src="foto/thumb/057_campanile.jpg"/></a><div>Guidonia-Montecelio: Silvia Bellotto</div></li>
		<li><a href="_php/mediaViewer.php?cnt=foto/058_castello-in-miniatura.jpg" title="Guidonia-Montecelio: Silvia Bellotto"><img src="foto/thumb/058_castello-in-miniatura.jpg"/></a><div>Guidonia-Montecelio: Silvia Bellotto</div></li>
		<li><a href="_php/mediaViewer.php?cnt=foto/059_cava-in-panoramica.jpg" title="Guidonia-Montecelio: Valentina Bellotto"><img src="foto/thumb/059_cava-in-panoramica.jpg"/></a><div>Guidonia-Montecelio: Valentina Bellotto</div></li>
		<li><a href="_php/mediaViewer.php?cnt=foto/060_cementerie.jpg" title="Guidonia-Montecelio: Valentina Bellotto"><img src="foto/thumb/060_cementerie.jpg"/></a><div>Guidonia-Montecelio: Valentina Bellotto</div></li>
		<li><a href="_php/mediaViewer.php?cnt=foto/061_portecitta01.jpg" title="Guidonia-Montecelio: Alessandro Fusto"><img src="foto/thumb/061_portecitta01.jpg"/></a><div>Guidonia-Montecelio: Alessandro Fusto</div></li>
		<li><a href="_php/mediaViewer.php?cnt=foto/062_sheeps.jpg" title="Guidonia-Montecelio: Alessandro Fusto"><img src="foto/thumb/062_sheeps.jpg"/></a><div>Guidonia-Montecelio: Alessandro Fusto</div></li>
		<li><a href="_php/mediaViewer.php?cnt=foto/063_vicolo-autore-alfonso-tuccillo-.jpg" title="Labico: Alfonso Tuccillo"><img src="foto/thumb/063_vicolo-autore-alfonso-tuccillo-.jpg"/></a><div>Labico: Alfonso Tuccillo</div></li>
		<li><a href="_php/mediaViewer.php?cnt=foto/064_-nei-meandri-di-labico-autore-alfonso-tuccillo-.jpg" title="Labico: Alfonso Tuccillo"><img src="foto/thumb/064_-nei-meandri-di-labico-autore-alfonso-tuccillo-.jpg"/></a><div>Labico: Alfonso Tuccillo</div></li>
		<li><a href="_php/mediaViewer.php?cnt=foto/065_lanuvio.i-vicoli-del-centro-storico.jpg" title="Lanuvio: Silvia Cresci"><img src="foto/thumb/065_lanuvio.i-vicoli-del-centro-storico.jpg"/></a><div>Lanuvio: Silvia Cresci</div></li>
		<li><a href="_php/mediaViewer.php?cnt=foto/066_lanuvio.ponte-loretolungo-la-via-astura.jpg" title="Lanuvio: Silvia Cresci"><img src="foto/thumb/066_lanuvio.ponte-loretolungo-la-via-astura.jpg"/></a><div>Lanuvio: Silvia Cresci</div></li>
		<li><a href="_php/mediaViewer.php?cnt=foto/067_particolare-del-palazzo-colonna.jpg" title="Lanuvio: Michela De Filippis"><img src="foto/thumb/067_particolare-del-palazzo-colonna.jpg"/></a><div>Lanuvio: Michela De Filippis</div></li>
		<li><a href="_php/mediaViewer.php?cnt=foto/068_tempio-di-giunone-sospita.jpg" title="Lanuvio: Michela De Filippis"><img src="foto/thumb/068_tempio-di-giunone-sospita.jpg"/></a><div>Lanuvio: Michela De Filippis</div></li>
		<li><a href="_php/mediaViewer.php?cnt=foto/069_caldara.jpg" title="Manziana: Claudia Amoroso"><img src="foto/thumb/069_caldara.jpg"/></a><div>Manziana: Claudia Amoroso</div></li>
		<li><a href="_php/mediaViewer.php?cnt=foto/070_zolfatara.jpg" title="Manziana: Claudia Amoroso"><img src="foto/thumb/070_zolfatara.jpg"/></a><div>Manziana: Claudia Amoroso</div></li>
		<li><a href="_php/mediaViewer.php?cnt=foto/071_fontana-pinnacolo-abbeveratoio.jpg" title="Monte Porzio Catone: Agnese Cecchini"><img src="foto/thumb/071_fontana-pinnacolo-abbeveratoio.jpg"/></a><div>Monte Porzio Catone: Agnese Cecchini</div></li>
		<li><a href="_php/mediaViewer.php?cnt=foto/072_villa-mondragone-portale-delle-armi.jpg" title="Monte Porzio Catone: Agnese Cecchini"><img src="foto/thumb/072_villa-mondragone-portale-delle-armi.jpg"/></a><div>Monte Porzio Catone: Agnese Cecchini</div></li>
		<li><a href="_php/mediaViewer.php?cnt=foto/073_le-confraternite-in-piazza-duomo.jpg" title="Monte Porzio Catone: Gianluca Ledda"><img src="foto/thumb/073_le-confraternite-in-piazza-duomo.jpg"/></a><div>Monte Porzio Catone: Gianluca Ledda</div></li>
		<li><a href="_php/mediaViewer.php?cnt=foto/074_vicolo-scorcio-notturno.jpg" title="Monte Porzio Catone: Gianluca Ledda"><img src="foto/thumb/074_vicolo-scorcio-notturno.jpg"/></a><div>Monte Porzio Catone: Gianluca Ledda</div></li>
		<li><a href="_php/mediaViewer.php?cnt=foto/075_osservatorio-astronomico.jpg" title="Monte Porzio Catone: Mattia Zoratti"><img src="foto/thumb/075_osservatorio-astronomico.jpg" /></a><div>Monte Porzio Catone: Mattia Zoratti</div></li>
		<li><a href="_php/mediaViewer.php?cnt=foto/076_villa-mondragone.jpg" title="Monte Porzio Catone: Mattia Zoratti"><img src="foto/thumb/076_villa-mondragone.bmp"/></a><div>Monte Porzio Catone: Mattia Zoratti</div></li>
		<li><a href="_php/mediaViewer.php?cnt=foto/077_borgo-antico-archiricci.jpg" title="Moricone: Michele Cortellessa"><img src="foto/thumb/077_borgo-antico-archiricci.jpg"/></a><div>Moricone: Michele Cortellessa</div></li>
		<li><a href="_php/mediaViewer.php?cnt=foto/078_vicolo-del-paese-vecchio.jpg" title="Moricone: Michele Cortellessa"><img src="foto/thumb/078_vicolo-del-paese-vecchio.jpg"/></a><div>Moricone: Michele Cortellessa</div></li>
		<li><a href="_php/mediaViewer.php?cnt=foto/079_borgo-medievale.jpg" title="Moricone: Toni Tassi"><img src="foto/thumb/079_borgo-medievale.jpg"/></a><div>Moricone: Toni Tassi</div></li>
		<li><a href="_php/mediaViewer.php?cnt=foto/080_panorama-.jpg" title="Moricone: Toni Tassi"><img src="foto/thumb/080_panorama-.jpg"/></a><div>Moricone: Toni Tassi</div></li>
		<li><a href="_php/mediaViewer.php?cnt=foto/081_borgo-medievale-piazza-colonna.jpg" title="Nettuno: Andrea Ricceri"><img src="foto/thumb/081_borgo-medievale-piazza-colonna.jpg"/></a><div>Nettuno: Andrea Ricceri</div></li>
		<li><a href="_php/mediaViewer.php?cnt=foto/082_castel-sangallo-dal-borgo-medievale.jpg" title="Nettuno: Andrea Ricceri"><img src="foto/thumb/082_castel-sangallo-dal-borgo-medievale.jpg"/></a><div>Nettuno: Andrea Ricceri</div></li>
		<li><a href="_php/mediaViewer.php?cnt=foto/083_vista-della-chiesa-s.-maria-di-corte-dallalto-della-roc.jpg" title="Olevano Romano: Fabio Ludovici"><img src="foto/thumb/083_vista-della-chiesa-s.-maria-di-corte-dallalto-della-roc.jpg"/></a><div>Olevano Romano: Fabio Ludovici</div></li>
		<li><a href="_php/mediaViewer.php?cnt=foto/084_piazza-s.maria-di-corte.jpg" title="Olevano Romano: Fabio Ludovici"><img src="foto/thumb/084_piazza-s.maria-di-corte.jpg"/></a><div>Olevano Romano: Fabio Ludovici</div></li>
		<li><a href="_php/mediaViewer.php?cnt=foto/087_veduta-della-campagna-olevanese--i-vigneti-.jpg" title="Olevano Romano: Silvia Ludovici"><img src="foto/thumb/087_veduta-della-campagna-olevanese--i-vigneti-.jpg"/></a><div>Olevano Romano: Silvia Ludovici</div></li>
		<li><a href="_php/mediaViewer.php?cnt=foto/088_-vigneto-1.jpg" title="Olevano Romano: Silvia Ludovici"><img src="foto/thumb/088_-vigneto-1.jpg"/></a><div>Olevano Romano: Silvia Ludovici</div></li>
		<li><a href="_php/mediaViewer.php?cnt=foto/085_casa-natale-di-giovanni-pierluigi.jpg" title="Palestrina: Jessica Coccia"><img src="foto/thumb/085_casa-natale-di-giovanni-pierluigi.jpg"/></a><div>Palestrina: Jessica Coccia</div></li>
		<li><a href="_php/mediaViewer.php?cnt=foto/086_pozzo-del-palazzo-barberini.jpg" title="Palestrina: Jessica Coccia"><img src="foto/thumb/086_pozzo-del-palazzo-barberini.jpg"/></a><div>Palestrina: Jessica Coccia</div></li>
		<li><a href="_php/mediaViewer.php?cnt=foto/089_via-barberini-palazzo-barberini.jpg" title="Palestrina: Emanuele Benedetto Sales"><img src="foto/thumb/089_via-barberini-palazzo-barberini.jpg"/></a><div>Palestrina: Emanuele Benedetto Sales</div></li>
		<li><a href="_php/mediaViewer.php?cnt=foto/090_via-del-carmine-particolare-del-quartiere-borgo.jpg" title="Palestrina: Emanuele Benedetto Sales"><img src="foto/thumb/090_via-del-carmine-particolare-del-quartiere-borgo.jpg"/></a><div>Palestrina: Emanuele Benedetto Sales</div></li>
		<li><a href="_php/mediaViewer.php?cnt=foto/091_rovine-castello-di-stazzano-.jpg" title="Palombara Sabina: Simona Cicciarella"><img src="foto/thumb/091_rovine-castello-di-stazzano-.jpg"/></a><div>Palombara Sabina: Simona Cicciarella</div></li>
		<li><a href="_php/mediaViewer.php?cnt=foto/092_stradine-costeggianti-la-cinta-muraria-del-castello-savelli-.jpg" title="Palombara Sabina: Simona Cicciarella"><img src="foto/thumb/092_stradine-costeggianti-la-cinta-muraria-del-castello-savelli-.jpg"/></a><div>Palombara Sabina: Simona Cicciarella</div></li>
		<li><a href="_php/mediaViewer.php?cnt=foto/093_localita-orziere-veduta-panoramica.jpg" title="Poli: Michela Sambenedetto"><img src="foto/thumb/093_localita-orziere-veduta-panoramica.jpg"/></a><div>Poli: Michela Sambenedetto</div></li>
		<li><a href="_php/mediaViewer.php?cnt=foto/094_palazzo-conti-interno.jpg" title="Poli: Michela Sambenedetto"><img src="foto/thumb/094_palazzo-conti-interno.jpg"/></a><div>Poli: Michela Sambenedetto</div></li>
		<li><a href="_php/mediaViewer.php?cnt=foto/095_subiaco-centro-storico-borgo-medioevale-.jpg" title="Subiaco: Ilaria Fedeli"><img src="foto/thumb/095_subiaco-centro-storico-borgo-medioevale-.jpg"/></a><div>Subiaco: Ilaria Fedeli</div></li>
		<li><a href="_php/mediaViewer.php?cnt=foto/096_subiaco-centro-storico.jpg" title="Subiaco: Ilaria Fedeli"><img src="foto/thumb/096_subiaco-centro-storico.jpg"/></a><div>Subiaco: Ilaria Fedeli</div></li>
		<li><a href="_php/mediaViewer.php?cnt=foto/097_chiesa-di-s-pietro-alla-carita.jpg" title="Tivoli: Fabio Fontana"><img src="foto/thumb/097_chiesa-di-s-pietro-alla-carita.jpg"/></a><div>Tivoli: Fabio Fontana</div></li>
		<li><a href="_php/mediaViewer.php?cnt=foto/098_dettaglio-scalina-casa-gotica.jpg" title="Tivoli: Fabio Fontana"><img src="foto/thumb/098_dettaglio-scalina-casa-gotica.jpg"/></a><div>Tivoli: Fabio Fontana</div></li>
		<li><a href="_php/mediaViewer.php?cnt=foto/099_panoramica-dinverno-con-la-neve.jpg" title="Vallinfreda: Luigi Mazzetti"><img src="foto/thumb/099_panoramica-dinverno-con-la-neve.jpg"/></a><div>Vallinfreda: Luigi Mazzetti</div></li>
		<li><a href="_php/mediaViewer.php?cnt=foto/100_percorso-sullaia.jpg" title="Vallinfreda: Luigi Mazzetti"><img src="foto/thumb/100_percorso-sullaia.jpg"/></a><div>Vallinfreda: Luigi Mazzetti</div></li>
		<li><a href="_php/mediaViewer.php?cnt=foto/101_scorcio-dalla-rocca-sulla-chiesa-s.m.arcangelo-e-palazzo-b.jpg" title="Vallinfreda: Sara Pace"><img src="foto/thumb/101_scorcio-dalla-rocca-sulla-chiesa-s.m.arcangelo-e-palazzo-b.jpg"/></a><div>Vallinfreda: Sara Pace</div></li>
		<li><a href="_php/mediaViewer.php?cnt=foto/102_alba-sulla-piana-del-cavaliere-1.jpg" title="Vallinfreda: Sara Pace"><img src="foto/thumb/102_alba-sulla-piana-del-cavaliere-1.jpg"/></a><div>Vallinfreda: Sara Pace</div></li>
		<li><a href="_php/mediaViewer.php?cnt=foto/103_fontana_del_colle.jpg" title="Valmontone: Simone Cibba"><img src="foto/thumb/103_fontana_del_colle.jpg" /></a><div>Valmontone: Simone Cibba</div></li>
		<li><a href="_php/mediaViewer.php?cnt=foto/104_outlet.jpg" title="Valmontone: Simone Cibba"><img src="foto/thumb/104_outlet.tif"/></a><div>Valmontone: Simone Cibba</div></li>
		<li><a href="_php/mediaViewer.php?cnt=foto/105_statua-s.-francesco-situata-di-frante-al-convento-s.jpg" title="Valmontone: Michele Padovani"><img src="foto/thumb/105_statua-s.-francesco-situata-di-frante-al-convento-s.jpg"/></a><div>Valmontone: Michele Padovani</div></li>
		<li><a href="_php/mediaViewer.php?cnt=foto/106_via-nuova-dettaglio-della-scultura-donata-dalla-.jpg" title="Valmontone: Michele Padovani"><img src="foto/thumb/106_via-nuova-dettaglio-della-scultura-donata-dalla-.jpg"/></a><div>Valmontone: Michele Padovani</div></li>
		<li><a href="_php/mediaViewer.php?cnt=foto/107_fontana-di-piazza-mazzini.jpg" title="Velletri: Stefano Bellisari"><img src="foto/thumb/107_fontana-di-piazza-mazzini.jpg"/></a><div>Velletri: Stefano Bellisari</div></li>
		<li><a href="_php/mediaViewer.php?cnt=foto/108_la-regina-delle-campagne-veliterne-in-contrada-paganico.jpg" title="Velletri: Stefano Bellisari"><img src="foto/thumb/108_la-regina-delle-campagne-veliterne-in-contrada-paganico.jpg"/></a><div>Velletri: Stefano Bellisari</div></li>
		<li><a href="_php/mediaViewer.php?cnt=foto/109_al-castello.jpg" title="Vivaro Romano: Ivano Cara"><img src="foto/thumb/109_al-castello.jpg"/></a><div>Vivaro Romano: Ivano Cara</div></li>
		<li><a href="_php/mediaViewer.php?cnt=foto/110_campanile.jpg" title="Vivaro Romano: Ivano Cara"><img src="foto/thumb/110_campanile.jpg"/></a><div>Vivaro Romano: Ivano Cara</div></li>
		<li><a href="_php/mediaViewer.php?cnt=foto/111_scalette.jpg" title="Vivaro Romano: Riccardo Cara"><img src="foto/thumb/111_scalette.jpg"/></a><div>Vivaro Romano: Riccardo Cara</div></li>
		<li><a href="_php/mediaViewer.php?cnt=foto/112_sopporticu.jpg" title="Vivaro Romano: Riccardo Cara"><img src="foto/thumb/112_sopporticu.jpg"/></a><div>Vivaro Romano: Riccardo Cara</div></li>
		<li><a href="_php/mediaViewer.php?cnt=foto/113_via-delloratorio.jpg" title="Vivaro Romano: Giuseppe Cortellessa"><img src="foto/thumb/113_via-delloratorio.jpg"/></a><div>Vivaro Romano: Giuseppe Cortellessa</div></li>
		<li><a href="_php/mediaViewer.php?cnt=foto/114_via-mastro-lavinio.jpg" title="Vivaro Romano: Giuseppe Cortellessa"><img src="foto/thumb/114_via-mastro-lavinio.jpg"/></a><div>Vivaro Romano: Giuseppe Cortellessa</div></li>
		<li><a href="_php/mediaViewer.php?cnt=foto/115_granaio.jpg" title="Vivaro Romano: Mario Cortellessa"><img src="foto/thumb/115_granaio.jpg"/></a><div>Vivaro Romano: Mario Cortellessa</div></li>
		<li><a href="_php/mediaViewer.php?cnt=foto/116_maestra-clelia.jpg" title="Vivaro Romano: Mario Cortellessa"><img src="foto/thumb/116_maestra-clelia.jpg"/></a><div>Vivaro Romano: Mario Cortellessa</div></li>
		<li><a href="_php/mediaViewer.php?cnt=foto/117_panorama-con-la-neve.jpg" title="Vivaro Romano: Mario Sforza"><img src="foto/thumb/117_panorama-con-la-neve.jpg"/></a><div>Vivaro Romano: Mario Sforza</div></li>
		<li><a href="_php/mediaViewer.php?cnt=foto/118_pie-la-terra.jpg" title="Vivaro Romano: Mario Sforza"><img src="foto/thumb/118_pie-la-terra.jpg"/></a><div>Vivaro Romano: Mario Sforza</div></li>
</ul>
